ID,Name,Surname
1,Raelynn,Flowers
2,Tiffany,Church
3,Mylee,Campos
4,Amelia,Lowe
5,Jayla,Dorsey
6,Lucy,Khan
7,Annie,Summers
8,Gloria,Brandt
9,Renee,Warren
10,Kiley,Ortega
11,Marilyn,Huffman
12,Georgia,Patterson
13,Parker,Oconnell
14,Shania,Sparks
15,Adyson,Benton
16,Nyla,Harper
17,Shyanne,Oliver
18,Linda,Mcclure
19,Tanya,Curry
20,Annika,Cochran
21,Meredith,Hanna
22,Natalie,Pace
23,Danika,Cuevas
24,Emily,Hess
25,Lydia,Pittman
26,Rowan,Marks
27,Sydnee,Francis
28,Makenzie,Blevins
29,Elizabeth,Erickson
30,Azaria,Trevino
31,Rubi,Peters
32,Hana,Barker
33,Kristin,Weiss
34,Carleigh,Wiley
35,Taliyah,House
36,Kennedi,Suarez
37,Julianna,Simpson
38,Brisa,Roth
39,Karlee,Palmer
40,Cherish,Greene
41,Kyla,Kelly
42,Amaya,Gill
43,Catalina,Cox
44,Cristal,Sampson
45,Leyla,Fisher
46,Marissa,Gamble
47,Shannon,Boyle
48,Ruby,Butler
49,Janae,Rollins
50,Kristen,Vasquez
51,Noelle,Thornton
52,Kaia,Bernard
53,Miya,Morris
54,Gretchen,Dixon
55,Bria,Delgado
56,Charlee,Shannon
57,Siena,Byrd
58,Kaylah,Parker
59,Abbie,Compton
60,Annabelle,Dennis
61,Nayeli,Peck
62,Carlie,Cole
63,Kimberly,Matthews
64,Livia,Kerr
65,Dixie,Branch
66,Reese,Roach
67,Caitlyn,Reese
68,Yoselin,Booker
69,Yamilet,Hodge
70,Danna,Henson
71,Alana,Merritt
72,Ellen,Delacruz
73,Maria,Duffy
74,Liliana,Sanford
75,Adeline,Browning
76,Cristina,Rush
77,Dahlia,Stanley
78,Annabel,Kennedy
79,Alivia,Brown
80,Amari,Vang
81,Anna,Franco
82,Janiya,Wiggins
83,Cheyenne,Ruiz
84,Isla,Fischer
85,Evelin,Meyers
86,Ayla,Barber
87,Gwendolyn,Haynes
88,Zariah,Lopez
89,Mikaela,Zuniga
90,Cindy,Moon
91,Kiana,Bonilla
92,Mackenzie,Hester
93,Ashleigh,Garcia
94,Anabel,Mitchell
95,Lailah,Mclaughlin
96,Cloe,Harrington
97,Dominique,Lee
98,Raquel,Solomon
99,Julia,Wade
100,Marely,Townsend
101,Carla,Brady
102,Hazel,Harding
103,Rosa,Hahn
104,Giuliana,Gay
105,Monique,Baldwin
106,Rayna,Haley
107,Jamiya,Vance
108,Edith,White
109,Mira,Stuart
110,Addisyn,Berger
111,Mireya,Contreras
112,Eva,Nolan
113,Marisol,Sharp
114,Ainsley,Winters
115,Raina,Curtis
116,Esther,Bryant
117,Charlie,Walton
118,Whitney,Luna
119,Jaylah,Hart
120,Lilliana,Durham
121,Lainey,Fernandez
122,Lyla,English
123,Daphne,Calderon
124,Kaleigh,Reeves
125,Sofia,Hill
126,Alaina,Mcclain
127,Jamie,Gould
128,Keely,Hood
129,Piper,Wood
130,Isabell,Barry
131,Jaslene,Potts
132,Riya,Rice
133,Sierra,Sexton
134,Micaela,Kelley
135,Rylee,Spears
136,Alison,Navarro
137,Sherlyn,Hernandez
138,Aniya,Arroyo
139,Anaya,Massey
140,Morgan,French
141,Allisson,Gomez
142,Julissa,Weber
143,Celeste,Mercado
144,Giana,Dean
145,Jane,Fletcher
146,Alina,Shaw
147,Francesca,Payne
148,America,Adkins
149,Anya,Knox
150,Cara,Humphrey
151,Brianna,Avila
152,Maya,Barnett
153,Madalynn,Hamilton
154,Guadalupe,Johnson
155,Bianca,Bradshaw
156,Ashtyn,Wells
157,Emelia,Hodges
158,Sanaa,Cantrell
159,Laura,Allen
160,Alannah,Tanner
161,Yaritza,Velez
162,Katie,Castillo
163,Elsa,Vaughn
164,Makayla,Huerta
165,Macey,Richards
166,Helen,Lutz
167,Kendal,Pruitt
168,Rylie,Valdez
169,Ariel,Goodwin
170,Elisabeth,Salazar
171,Katherine,Lamb
172,Karley,Richardson
173,Stella,Huber
174,Sydney,Cross
175,Jazlene,Glass
176,Rachael,Newton
177,Athena,Fitzgerald
178,Cameron,Powell
179,Reina,Yu
180,Myah,Leonard
181,Maritza,Mathis
182,Luna,Rosario
183,Adelaide,Williamson
184,Haven,Mahoney
185,Armani,Powers
186,Rose,Padilla
187,Grace,Aguirre
188,Gracie,Benson
189,Ashlee,Boyd
190,Jaida,Mcintyre
191,Ashlynn,Herrera
192,Barbara,Vargas
193,Jewel,Washington
194,Cecelia,Giles
195,Daniela,Pollard
196,Deborah,Becker
197,Angelique,Mccoy
198,Ashanti,Espinoza
199,Lola,Weeks
200,Moriah,Estes
201,Laurel,Meyer
202,Bailee,Lin
203,Monica,Villa
204,Gina,Maynard
205,Alexa,Schwartz
206,Genevieve,Orr
207,Shaniya,Short
208,Angeline,Wang
209,Chaya,Cantu
210,Aisha,Ramos
211,Bailey,Frost
212,Marlie,Gardner
213,Eileen,Taylor
214,Karla,Hampton
215,Tess,Davidson
216,Kaylen,Cameron
217,Krista,Reyes
218,Payten,Bowen
219,Denise,Mccormick
220,Aria,Myers
221,Brooklynn,Bishop
222,Nina,Flynn
223,Sylvia,Guerrero
224,Aurora,Conway
225,Claire,Pope
226,Abigayle,Huang
227,Maggie,Mcgrath
228,Nathalia,Baker
229,Lilianna,Mccarthy
230,Sarah,Coleman
231,Brenna,Elliott
232,Kaylynn,Gonzales
233,Valentina,Bell
234,Haylee,Moore
235,Kennedy,Gordon
236,Cadence,Grant
237,Kailyn,Holt
238,Shyann,Gibson
239,Camille,Duke
240,Maliyah,Foley
241,Valery,Kaufman
242,Gisselle,Jefferson
243,Jaidyn,Davila
244,Caitlin,Pratt
245,Gianna,Lester
246,Amiyah,Wall
247,Kimora,Hurst
248,Phoenix,Zhang
249,Baylee,Ritter
250,Kassidy,Cortez
251,Catherine,Norman
252,Delaney,Shelton
253,Dania,Best
254,Elena,Proctor
255,Karli,Travis
256,Madilynn,Gaines
257,Lizbeth,Williams
258,Carina,Cardenas
259,Eliza,Liu
260,Akira,Dickerson
261,Kathy,Guzman
262,Belinda,Cisneros
263,Braelyn,Harvey
264,Alexandria,Beck
265,Amira,Burnett
266,Kayleigh,Aguilar
267,Salma,Buckley
268,Yaretzi,Nixon
269,Carly,Duncan
270,Brielle,Mendez
271,Katrina,Benitez
272,Princess,Sullivan
273,Zion,Glenn
274,Marley,Esparza
275,Leia,Wise
276,Kendall,Villarreal
277,Crystal,Marshall
278,Karlie,Macdonald
279,Tatiana,Burke
280,Chelsea,Dudley
281,Nataly,Steele
282,Kayley,Wilkerson
283,Chanel,Kent
284,Juliet,Bray
285,Arabella,Spencer
286,Hadley,Ramsey
287,Kaydence,Sweeney
288,Angelina,Wilkinson
289,Amina,Andrade
290,Iliana,Pennington
291,Alissa,Sanchez
292,Taylor,Wright
293,Mariana,Mclean
294,Gabrielle,Jenkins
295,Miley,Barrett
296,Logan,Torres
297,Tania,Hansen
298,Dana,Carson
299,Rayne,Jennings
300,Haylie,Chan
301,Kai,Robinson
302,Jaquan,Colon
303,Ezra,Crane
304,Nigel,Little
305,Matteo,Mcknight
306,Max,Solis
307,Ray,Levy
308,Turner,Calhoun
309,Jon,Logan
310,Ellis,Mercer
311,Devon,Burgess
312,Tyree,Atkins
313,Brady,Gregory
314,Talan,Oneal
315,Darnell,Foster
316,Nelson,Farley
317,Rene,Osborne
318,Kristopher,Kramer
319,Alden,Goodman
320,Roman,Ramirez
321,Evan,Berry
322,Octavio,Pugh
323,Diego,Hoover
324,Carmelo,Skinner
325,Seamus,Chavez
326,Lee,Edwards
327,Chad,Mckee
328,Dominique,Watts
329,Aydan,Holmes
330,Darryl,Nicholson
331,Cortez,Herman
332,Kevin,Lane
333,Lewis,Porter
334,Arturo,Bowman
335,Franco,Vega
336,Brett,Campbell
337,Clinton,King
338,Julio,Franklin
339,Talon,Schmitt
340,Ean,Duarte
341,Denzel,Schroeder
342,Elvis,Odonnell
343,Jovanny,Moreno
344,Samir,Bender
345,Emery,Molina
346,Alonzo,Howell
347,Trevor,Wolf
348,Demetrius,George
349,Grayson,Stafford
350,Santino,Dawson
351,Lorenzo,Odom
352,Zain,Petersen
353,Aidyn,Werner
354,Markus,Howard
355,Rory,Carr
356,Moses,Frank
357,Noe,Walters
358,Giovani,Stevens
359,Devin,Wyatt
360,Makai,Bentley
361,Wilson,Hancock
362,Quentin,Zimmerman
363,Bradyn,Kirk
364,Abel,Hayden
365,Derek,Brewer
366,Camren,Nelson
367,Cristian,Roberts
368,Marco,Morrow
369,Milton,Mckay
370,Adriel,Hayes
371,Carter,Rowe
372,Craig,Finley
373,Leon,Anthony
374,Roland,Stevenson
375,Coleman,Hoffman
376,August,Rivera
377,Valentin,Valenzuela
378,Aedan,Conrad
379,London,Hurley
380,Quintin,Beard
381,Alfredo,Griffith
382,Roderick,Glover
383,Hamza,Haney
384,Davin,Stone
385,Jamarcus,Patrick
386,Chris,Villanueva
387,Ivan,Abbott
388,Brenton,Montoya
389,Camron,Doyle
390,Francisco,Pena
391,Omar,Reynolds
392,Bridger,Ewing
393,Fletcher,Hanson
394,Darren,Bautista
395,Draven,Boyer
396,Braylen,Zavala
397,Carlo,Stein
398,Valentino,Keller
399,Solomon,Vazquez
400,Brian,Medina
401,Heath,Peterson
402,Javion,Donovan
403,Elian,Hartman
404,Ayaan,Morgan
405,Jasper,Tyler
406,Riley,Love
407,Nathan,Russell
408,Dillan,Cooke
409,Amari,Larsen
410,Mario,Orozco
411,Lane,Bryan
412,Raymond,Moss
413,Jett,Lawrence
414,Julius,Bennett
415,Harrison,Juarez
416,Cole,Walter
417,Gilberto,Barrera
418,Jose,Atkinson
419,Stephen,Osborn
420,Reid,Weaver
421,Aryan,Dougherty
422,Lucas,Warner
423,Deacon,Davies
424,Kadyn,Cunningham
425,Eugene,Sloan
426,Kyan,Blair
427,Tristian,Andrews
428,Jaxson,Forbes
429,Phillip,Murphy
430,Lucian,Freeman
431,Esteban,Bates
432,Juan,Wolfe
433,Amir,Collins
434,Dexter,Johnston
435,Tony,Todd
436,Humberto,Phelps
437,Kamron,Garrett
438,Rex,Walls
439,Jaron,Hogan
440,Oliver,Clarke
441,Skyler,Sherman
442,James,Kidd
443,Justus,Underwood
444,Jordan,Mayo
445,Pierce,Leblanc
446,Camryn,Leon
447,Lamar,Stokes
448,Alec,Watson
449,Shamar,Decker
450,Micheal,Hobbs
451,Jamie,Paul
452,Rodney,Stark
453,Rolando,Blackwell
454,Adonis,Wilcox
455,Leonard,Lynn
456,Xavier,Scott
457,Darian,Mack
458,Stanley,Casey
459,Adan,Benjamin
460,Aiden,Lloyd
461,Luis,Frederick
462,Winston,Lucero
463,Frank,Dyer
464,Jakobe,Sutton
465,Oswaldo,Romero
466,Carsen,Arellano
467,Israel,Novak
468,Jeffrey,Parrish
469,Lawrence,Madden
470,Nash,Thompson
471,Landin,Sawyer
472,Gavyn,Young
473,Eduardo,Garrison
474,Giovanny,Chapman
475,Marvin,David
476,Gary,Lowery
477,Skylar,Nguyen
478,Reagan,Henderson
479,Jakob,Horton
480,Jorden,Hardy
481,Aden,Ochoa
482,Deven,Cline
483,Kael,Larson
484,Haiden,Bird
485,Waylon,Wilkins
486,Khalil,Schultz
487,Ishaan,York
488,Ismael,Trujillo
489,Micah,Moody
490,Vicente,Fowler
491,Marshall,Oconnor
492,Nico,Quinn
493,Uriah,Mcfarland
494,Bailey,Owen
495,Issac,Guerra
496,Kolten,Beasley
497,Gaige,Newman
498,Nikolas,Flores
499,Dominik,Welch
500,Beau,Savage
501,Emilio,Walsh
502,Damion,James
503,Kenneth,Henry
504,Tomas,Brooks
505,Javier,Kane
506,Conrad,Holland
507,Chase,Deleon
508,Kyle,Horne
509,Deegan,Rodriguez
510,Reed,Schneider
511,Jaxon,Alexander
512,Hassan,Alvarez
513,Jamarion,Yoder
514,Travis,Stanton
515,Maximus,Silva
516,Aldo,Gonzalez
517,Giovanni,Mccarty
518,Taylor,Barnes
519,Harold,Morton
520,Samuel,Michael
521,Neil,Garza
522,Jax,Cervantes
523,Dwayne,Owens
524,Luciano,Buchanan
525,Pablo,Heath
526,Gauge,Stephenson
527,Sawyer,Strickland
528,Guillermo,Lang
529,Orion,Montes
530,Eliezer,Woodward
531,Jamal,Ray
532,Joshua,Tate
533,Isaac,Lara
534,Tanner,Rios
535,Ben,Hale
536,Johan,Velasquez
537,Memphis,Zamora
538,Enrique,Copeland
539,Nicolas,Livingston
540,Jensen,Hopkins
541,Nathanael,Fritz
542,Adrien,Chung
543,Josue,Reilly
544,Hezekiah,Turner
545,Rohan,Briggs
546,Manuel,Koch
547,Mitchell,Clark
548,Cael,Santos
549,Justice,Martin
550,Kyson,Maddox
551,Dorian,Ibarra
552,Albert,Mora
553,Jagger,Robles
554,Bryant,Parks
555,Braylon,Cordova
556,Donald,Nielsen
557,Luca,Snow
558,Izayah,Poole
559,Freddy,Choi
560,Grady,Munoz
561,Warren,Sellers
562,Jaydon,Mcdaniel
563,Damon,Mcneil
564,Braxton,Carey
565,Toby,Tapia
566,Adolfo,Norris
567,Aditya,Shaffer
568,Romeo,Hebert
569,Charlie,Downs
570,Lamont,Waller
571,Reynaldo,Banks
572,Scott,Bean
573,Sonny,Meadows
574,Trevin,Lawson
575,Orlando,Shepherd
576,Lukas,Chase
577,Duncan,Schmidt
578,Reece,Carlson
579,Titus,Meza
580,Maxim,Roy
581,Harper,Kirby
582,Terry,Mcdonald
583,Kingston,Montgomery
584,Quincy,Graves
585,Gunner,Terrell
586,Harley,Chen
587,Peyton,Holder
588,Nicholas,Fleming
589,Kameron,Rosales
590,Cale,Estrada
591,Quinten,Rodgers
592,Mark,Rocha
593,Jefferson,Santana
594,Louis,Soto
595,Cody,Mendoza
596,Aust,Dominguez
597,Deano,Jimenez
598,Abram,Stephens
599,Franklin,Macias
600,Colt,Ryan